name,count,rate
美食,360,0.107881
休闲慢游,298,0.089302
历史文化,276,0.082709
亲子,261,0.078214
自然风光,247,0.074019
城市地标,218,0.065328
老人友好,194,0.058136
博物馆,182,0.05454
城市漫步,162,0.048547
第一次来,158,0.047348
摄影,157,0.047048
城市公园,146,0.043752
购物商圈,111,0.033263
主题乐园,108,0.032364
户外轻徒步,102,0.030566
夜市夜景,84,0.025172
艺术,81,0.024273
小众展览,75,0.022475
海滨度假,66,0.019778
素食,26,0.007791
清真,25,0.007492
